"","meanImp","medianImp","minImp","maxImp","normHits","decision"
"NAME_CONTRACT_TYPE",1.18120451400957,1.41864797181438,-0.959411523909293,2.23911140717675,0,"Rejected"
"FLAG_OWN_CAR",0.560293987767355,0.425905016561303,-0.933253314409609,2.16707189079034,0,"Rejected"
"CNT_CHILDREN",1.5017273242157,1.51709735799048,-0.638474987318324,3.63987227913859,0.0408163265306122,"Rejected"
"AMT_INCOME_TOTAL",3.86451078432666,3.81526519937395,1.65015994818519,5.72128621242557,0.755102040816326,"Tentative"
"AMT_CREDIT",3.84837928791958,3.90053560764526,2.54891401906939,5.09981124485519,0.714285714285714,"Tentative"
"AMT_ANNUITY",3.68848185319361,3.79373559427776,1.83757713552162,5.29243724586596,0.755102040816326,"Tentative"
"AMT_GOODS_PRICE",3.75496858625325,3.79398374863671,2.35794352585296,5.49570400424176,0.755102040816326,"Tentative"
"NAME_INCOME_TYPE",2.25811663987482,2.31981741486666,1.57613220454167,3.09132469263018,0.0408163265306122,"Rejected"
"NAME_EDUCATION_TYPE",3.98598400015672,4.12830509883917,1.6438698022594,5.93952519102803,0.775510204081633,"Confirmed"
"NAME_HOUSING_TYPE",1.6182644994154,1.8973676632847,-0.809119294662171,3.34224920385421,0.0204081632653061,"Rejected"
"REGION_POPULATION_RELATIVE",1.54581638721018,1.54576538767532,-0.666463242857227,3.3170182734879,0.0204081632653061,"Rejected"
"DAYS_EMPLOYED",5.28740602915488,5.4148788893234,4.04004871973934,7.02467335996433,1,"Confirmed"
"DAYS_REGISTRATION",3.13963995273431,3.10983052035912,1.44053712415129,4.54395084048765,0.469387755102041,"Tentative"
"DAYS_ID_PUBLISH",2.66897343662823,2.57083154476182,0.790612911155923,4.28579914891283,0.26530612244898,"Tentative"
"FLAG_EMP_PHONE",1.18144971570034,1.51552611416411,-0.873072432214351,1.9958169143401,0,"Rejected"
"FLAG_WORK_PHONE",0.230145355116693,0.386388400338419,-1.34049511502724,2.28185152910301,0,"Rejected"
"FLAG_PHONE",0.0947297453048807,0.0574321689756313,-1.92618403060341,1.72418706863791,0,"Rejected"
"FLAG_EMAIL",0.487297348943388,0.520809741912143,-1.53976837055978,3.08553458078634,0.0204081632653061,"Rejected"
"OCCUPATION_TYPE",2.14886480394076,1.97181189907672,0.985407498524422,3.38050190974939,0.102040816326531,"Rejected"
"CNT_FAM_MEMBERS",0.984036964881609,1.35744870867838,-0.634940320475679,2.19969627650623,0,"Rejected"
"REGION_RATING_CLIENT",2.50771135306462,2.5425108566358,0.270063685920107,4.22192842782468,0.224489795918367,"Tentative"
"REGION_RATING_CLIENT_W_CITY",2.32260618651614,2.21568474271064,-0.372030547639751,4.79135874027009,0.183673469387755,"Rejected"
"HOUR_APPR_PROCESS_START",1.46993544164375,1.51573744318945,-0.58067209916103,3.69057861433823,0.0612244897959184,"Rejected"
"REG_REGION_NOT_LIVE_REGION",0.597632234036406,0.402852316713211,-1.86781767069399,2.20821291123935,0,"Rejected"
"REG_REGION_NOT_WORK_REGION",0.640399636180851,0.722717595589194,-1.55180155656505,1.9889217143955,0,"Rejected"
"LIVE_REGION_NOT_WORK_REGION",0.741427588295191,0.923691262587129,-1.01792168916598,2.16633510416867,0,"Rejected"
"REG_CITY_NOT_LIVE_CITY",0.873394143159008,1.04978055096228,-0.699912713795866,2.21088736700787,0,"Rejected"
"REG_CITY_NOT_WORK_CITY",0.799869452089977,0.773757402549433,-2.93009583270624,2.90953426301052,0,"Rejected"
"LIVE_CITY_NOT_WORK_CITY",1.13169140678968,1.55943508015105,-1.286984030518,2.48231113630171,0,"Rejected"
"ORGANIZATION_TYPE",2.45647393403862,2.43904421486984,1.08453312295598,4.37377924777422,0.163265306122449,"Rejected"
"EXT_SOURCE_2",14.6672604928091,14.655181197257,12.4125391067335,17.6839317837503,1,"Confirmed"
"EXT_SOURCE_3",16.4576751752361,16.4271690498115,14.132275056689,18.3223751052889,1,"Confirmed"
"FONDKAPREMONT_MODE",0.213534309021074,0.140493749287553,-1.30053470475627,2.27969991925533,0,"Rejected"
"HOUSETYPE_MODE",0.757437222590621,0.7609789711272,-0.46914054651517,2.06658440389833,0,"Rejected"
"WALLSMATERIAL_MODE",0.455962520157349,0.437414902770646,-1.74520483449172,1.67361423166796,0,"Rejected"
"EMERGENCYSTATE_MODE",0.156558062833044,-0.10337726107211,-1.2213088585643,1.95754580222345,0,"Rejected"
"OBS_30_CNT_SOCIAL_CIRCLE",0.953614104012009,0.78112585611528,-0.0800279172919229,2.78781168207962,0,"Rejected"
"DEF_30_CNT_SOCIAL_CIRCLE",1.85483305364616,2.06816851921051,0.0367465894325294,3.78554886041937,0.0204081632653061,"Rejected"
"OBS_60_CNT_SOCIAL_CIRCLE",1.00851776863315,1.13982594522712,-0.480400234758333,2.89484716800348,0,"Rejected"
"DEF_60_CNT_SOCIAL_CIRCLE",2.12754439697217,2.13747165330209,0.0170867749007591,4.76790044904543,0.0612244897959184,"Rejected"
"DAYS_LAST_PHONE_CHANGE",4.47344349246327,4.33617136341652,3.23880568635507,6.26786177608701,0.979591836734694,"Confirmed"
"FLAG_DOCUMENT_3",1.58730156140079,1.71567452515289,0.358933230876855,2.45384659102402,0,"Rejected"
"FLAG_DOCUMENT_6",2.55251756754446,2.61733321245948,1.5431803587711,3.48271756386744,0.142857142857143,"Rejected"
"FLAG_DOCUMENT_8",0.184302411008729,0.263240172059365,-1.82787226604688,1.39451917352234,0,"Rejected"
"AMT_REQ_CREDIT_BUREAU_DAY",1.33326248456325,1.25056431151036,0.0893287179180172,2.45497947054049,0,"Rejected"
"AMT_REQ_CREDIT_BUREAU_YEAR",5.07243794127463,5.22616140268,3.31639826775387,6.522514763609,0.979591836734694,"Confirmed"
"employed_ratio_birth",5.14402276560513,5.19098018481618,3.2127659782622,6.57442557670934,1,"Confirmed"
"income_ratio_credit",4.28086071860654,4.29876055640283,3.14235206724078,5.61342863869546,0.918367346938776,"Confirmed"
"income_ratio_famsize",3.99416987772853,4.02514836315209,2.34317193227057,6.0166392858272,0.795918367346939,"Confirmed"
"income_ration_annuity",3.76502094235844,3.82003939403994,1.89994856344523,5.10816828244105,0.816326530612245,"Confirmed"
"credit_ration_annuity",4.79872036089481,4.70309192357835,3.41340828325626,7.26461562292744,0.979591836734694,"Confirmed"
"credit_ration_goods",3.79376320523741,3.88266474774253,2.53256896953138,5.34038976439969,0.775510204081633,"Tentative"
"credit_minus_goods",4.53954321837869,4.54761454662381,2.86605167447881,6.34202002962477,0.959183673469388,"Confirmed"
"reg_ration_employed",5.5667579531673,5.50094387174493,3.90015327455457,6.87768635134731,1,"Confirmed"
"credit_ratio_annuity_ratio_employed",6.7733629298219,6.84676615748916,4.99576748947586,9.19021822640654,1,"Confirmed"
"reg_ratio_idpublish",2.96706568050145,2.95096823849025,1.1859043209225,4.6363886249144,0.346938775510204,"Tentative"
"reg_ratio_birth",3.06212004754331,3.01687108746831,0.998514848522986,4.67873188253312,0.428571428571429,"Tentative"
"id_ratio_birth",3.15028673446265,3.15448369024382,1.6142791002851,4.26916098289603,0.469387755102041,"Tentative"
"phone_ratio_birth",4.02051507957406,4.00898357505246,2.85059170606581,5.89107572901389,0.857142857142857,"Confirmed"
"phone_ratio_employed",5.22319964544725,5.32082630465762,3.27379853825644,7.06986935237175,1,"Confirmed"
"document_sum",2.06485571975531,2.03716862203395,1.50621888437705,3.0129993223894,0,"Rejected"
"sum_contact",1.06518129582966,1.076098595056,-0.845271806889084,2.43109284202344,0,"Rejected"
"reliability_city_in_city",1.16773175946525,1.12762965931422,-0.930719449386163,2.92057539865473,0.0204081632653061,"Rejected"
"credit_as_goods",0.0669060629405037,0.0345277596011724,-1.43132904341931,2.00318829447197,0,"Rejected"
"CREDIT_ACTIVE_mean",6.75707897459839,6.82390514792713,5.20341959944614,8.48055910313784,1,"Confirmed"
"CREDIT_CURRENCY_mean",0.810326098981544,1.08434196672829,-0.921386225707847,1.6395481924191,0,"Rejected"
"DAYS_CREDIT_mean",11.8331625411972,11.7902320608879,10.3930910124914,13.3489374052673,1,"Confirmed"
"CREDIT_DAY_OVERDUE_mean",2.53046148015013,2.61602853051241,-0.431130397948926,3.96608822249566,0.204081632653061,"Rejected"
"DAYS_CREDIT_ENDDATE_mean",6.15969119549878,6.18526470252612,3.8210830199662,8.37876895219665,1,"Confirmed"
"DAYS_ENDDATE_FACT_mean",7.2031327476731,7.14545800314945,5.21696445006072,8.74387754342385,1,"Confirmed"
"AMT_CREDIT_MAX_OVERDUE_mean",2.97352370452518,2.90911955189427,1.46701277770662,4.48074379583851,0.306122448979592,"Tentative"
"CNT_CREDIT_PROLONG_mean",0.920611293923994,1.13641308795434,-0.887252186339358,2.11599634086626,0,"Rejected"
"AMT_CREDIT_SUM_mean",5.32829656513171,5.33858722805597,3.5964517799437,6.56044995392141,1,"Confirmed"
"AMT_CREDIT_SUM_DEBT_mean",3.98629388576427,3.92602886292162,2.0382420548296,5.73051919194967,0.857142857142857,"Confirmed"
"AMT_CREDIT_SUM_LIMIT_mean",2.28927992973647,2.17993043819358,1.40451103935378,3.19910546262501,0.0204081632653061,"Rejected"
"AMT_CREDIT_SUM_OVERDUE_mean",4.37308264148473,4.51308686733793,1.93851684471944,5.85540655397899,0.816326530612245,"Confirmed"
"CREDIT_TYPE_mean",2.58419810535986,2.40726427491812,0.650032204465386,4.88639477224206,0.224489795918367,"Tentative"
"DAYS_CREDIT_UPDATE_mean",9.36788892240901,9.33577657855269,7.56541541842698,10.6237997474174,1,"Confirmed"
"CREDIT_ACTIVE_sd",2.88059022403134,2.87204701884578,1.12558638147075,4.22556543229373,0.36734693877551,"Tentative"
"CREDIT_CURRENCY_sd",1.93653532748399,2.0043746529422,0.452300302892723,3.72894595964719,0.0204081632653061,"Rejected"
"DAYS_CREDIT_sd",3.85331329614292,3.65440205250817,2.28349429375154,6.11954752164334,0.755102040816326,"Tentative"
"CREDIT_DAY_OVERDUE_sd",2.32699531847168,2.22332055787175,1.46219475541468,3.32074576485009,0.0408163265306122,"Rejected"
"DAYS_CREDIT_ENDDATE_sd",3.84742842595194,3.76827788040953,1.75027281963823,5.47145746653919,0.816326530612245,"Confirmed"
"DAYS_ENDDATE_FACT_sd",2.85500275878413,2.79856211113867,1.57700458397531,4.39295026743304,0.387755102040816,"Tentative"
"CNT_CREDIT_PROLONG_sd",2.08025339452557,2.03967839586322,0.63452231855406,3.66206742239806,0.0816326530612245,"Rejected"
"AMT_CREDIT_SUM_sd",3.9752548483325,3.9525328860338,2.57302234797873,5.87580924224821,0.816326530612245,"Confirmed"
"AMT_CREDIT_SUM_DEBT_sd",4.41477453753962,4.45407890675008,2.68331667919131,5.6375150063651,0.938775510204082,"Confirmed"
"AMT_CREDIT_SUM_LIMIT_sd",2.31546216445716,2.40447611825519,1.79050497513965,2.72755248365424,0,"Rejected"
"AMT_CREDIT_SUM_OVERDUE_sd",3.21626376200537,3.21065866304916,1.6807792935806,4.8418425086686,0.551020408163265,"Tentative"
"CREDIT_TYPE_sd",3.23200722439119,3.05894532507624,1.79313929102411,5.12191397619083,0.530612244897959,"Tentative"
"DAYS_CREDIT_UPDATE_sd",5.53948739545343,5.43247874312976,4.03650899396086,7.68908560743958,1,"Confirmed"
"CREDIT_ACTIVE_min",1.5440649362485,1.6641294860346,-0.211175934137241,2.14241772345618,0,"Rejected"
"CREDIT_CURRENCY_min",-1.75918482666645,-1.69795828963018,-2.76376693159286,-0.483118530666587,0,"Rejected"
"DAYS_CREDIT_min",7.86060764097211,7.86219023828983,6.16151830969289,9.46016225577044,1,"Confirmed"
"CREDIT_DAY_OVERDUE_min",1.2664604712715,1.399136813441,-0.146185635288473,2.5316832606461,0,"Rejected"
"DAYS_CREDIT_ENDDATE_min",7.1938743813553,7.1927439234754,5.75593853043917,8.33452800113194,1,"Confirmed"
"DAYS_ENDDATE_FACT_min",7.58016833764878,7.51842854038198,6.04319776088612,8.81928022247132,1,"Confirmed"
"AMT_CREDIT_MAX_OVERDUE_min",2.08630845243425,2.10209753310447,1.48650318138304,3.17895447202143,0,"Rejected"
"CNT_CREDIT_PROLONG_min",1.24152068806356,1.25428741335458,0.47267869567833,1.88602706540666,0,"Rejected"
"AMT_CREDIT_SUM_min",6.09891766930525,6.11568139935529,3.82358760104156,7.88186339657941,1,"Confirmed"
"AMT_CREDIT_SUM_DEBT_min",4.40058611848854,4.38106259653296,3.40474839799566,5.83511791301533,0.959183673469388,"Confirmed"
"AMT_CREDIT_SUM_LIMIT_min",3.12139091026228,3.04771259231041,1.34422590133559,6.00890154551289,0.469387755102041,"Tentative"
"AMT_CREDIT_SUM_OVERDUE_min",1.83328141688747,1.76316601520947,1.3846059826372,2.35860891975271,0,"Rejected"
"CREDIT_TYPE_min",1.82606362941073,1.97681128828741,-0.0264902270316292,2.89161429029681,0.0204081632653061,"Rejected"
"DAYS_CREDIT_UPDATE_min",7.00868065605234,6.94443963123239,5.42861276580177,8.78291078674179,1,"Confirmed"
"AMT_ANNUITY_min.x",2.25013305856649,2.01585266468935,1.1404627713769,4.58467818248561,0.0816326530612245,"Rejected"
"MONTHS_BALANCE_mean_min",4.13583615679794,4.29946363787089,1.65388043727633,5.95059207021493,0.836734693877551,"Confirmed"
"STATUS_mean_min",2.9191114949062,2.86175719045014,1.99518640973739,4.38440877245357,0.163265306122449,"Rejected"
"MONTHS_BALANCE_sd_min",4.30288392661804,4.38577261995858,2.53001866251342,6.44510703964237,0.918367346938776,"Confirmed"
"STATUS_sd_min",2.6473408470981,2.64019993373473,1.71981039948103,3.89928657816291,0.244897959183673,"Tentative"
"MONTHS_BALANCE_min_min",3.65145803033291,3.698482262239,1.90627394740415,5.0105674405747,0.775510204081633,"Tentative"
"STATUS_min_min",1.41456096588295,1.33656237138249,0.945814128775326,2.19977938618594,0,"Rejected"
"MONTHS_BALANCE_max_min",4.30458234058582,4.36197901567974,2.02330693945042,6.2018370804745,0.877551020408163,"Confirmed"
"STATUS_max_min",1.86707443955152,1.88439621778839,1.15236379459999,2.43252773622192,0,"Rejected"
"MONTHS_BALANCE_sum_min",3.90800170756636,3.78888950268539,2.2731435897019,6.20264063475335,0.775510204081633,"Tentative"
"STATUS_sum_min",4.69279980493893,4.49947657682354,3.24451994398678,6.24963050572275,0.979591836734694,"Confirmed"
"MONTHS_BALANCE_n_distinct_min",5.49060886295298,5.59696352936019,3.22884492823929,7.5462977897365,0.959183673469388,"Confirmed"
"STATUS_n_distinct_min",1.82289822525055,1.76096886945102,1.36850062934514,2.85879479070479,0,"Rejected"
"CREDIT_ACTIVE_max",2.0906087594508,2.14999326137675,1.36381614739803,2.65094676617462,0,"Rejected"
"CREDIT_CURRENCY_max",-0.558968577677345,-0.610050619564492,-2.2672416815703,1.02188120357871,0,"Rejected"
"DAYS_CREDIT_max",7.73718429325247,7.83331380338042,4.68370433476233,9.76310539940822,1,"Confirmed"
"CREDIT_DAY_OVERDUE_max",2.45469090802065,2.41350088737633,0.901999184679337,4.0657081825277,0.204081632653061,"Rejected"
"DAYS_CREDIT_ENDDATE_max",6.45875540010261,6.46863735732311,3.36860925293292,8.45193674557155,1,"Confirmed"
"DAYS_ENDDATE_FACT_max",5.00349210558993,4.98758531266203,3.42711993851395,6.04918843887358,1,"Confirmed"
"AMT_CREDIT_MAX_OVERDUE_max",3.51677427474346,3.58698448837655,1.98494646903448,5.28704876888109,0.673469387755102,"Tentative"
"CNT_CREDIT_PROLONG_max",0.874365227657102,0.960033544358413,-0.996127377671169,2.25761739587084,0,"Rejected"
"AMT_CREDIT_SUM_max",7.82584809221492,7.82797842096613,4.81632272089223,9.10169124645988,1,"Confirmed"
"AMT_CREDIT_SUM_DEBT_max",3.84179860495762,3.8595774590465,2.24599132407394,5.8047534467159,0.73469387755102,"Tentative"
"AMT_CREDIT_SUM_LIMIT_max",2.9344163723121,2.91038011235847,1.32303540851213,4.63800470442862,0.408163265306122,"Tentative"
"AMT_CREDIT_SUM_OVERDUE_max",3.87311501234284,4.06077874823665,1.45299853329,6.20389814427837,0.755102040816326,"Tentative"
"CREDIT_TYPE_max",1.44004918589052,1.56982554581267,0.0648499844393265,2.33596100202919,0,"Rejected"
"DAYS_CREDIT_UPDATE_max",6.62585490556441,6.76402502230274,3.23615601059109,8.31421614325584,1,"Confirmed"
"AMT_ANNUITY_max.x",2.297954909199,2.33313415729331,1.16568493958196,3.51633387100804,0.0408163265306122,"Rejected"
"MONTHS_BALANCE_mean_max",4.60704579149843,4.69839710121775,2.87043736150982,6.09535224869064,0.938775510204082,"Confirmed"
"STATUS_mean_max",2.88765917507449,2.76464659714325,1.54940242817787,4.4102933112414,0.285714285714286,"Tentative"
"MONTHS_BALANCE_sd_max",3.9969488399222,3.98647750081798,1.97976379879576,5.78298054713964,0.836734693877551,"Confirmed"
"STATUS_sd_max",4.14346731764117,4.15516212621096,2.5638482775227,6.65808192196745,0.775510204081633,"Confirmed"
"MONTHS_BALANCE_min_max",4.33889203944153,4.37817149535724,2.30569408702484,6.29017912559571,0.857142857142857,"Confirmed"
"STATUS_min_max",1.51346063753112,1.36736037729233,0.414094173785813,3.05025860233417,0.0204081632653061,"Rejected"
"MONTHS_BALANCE_max_max",1.92911086540594,1.94459857963032,1.05571304713102,2.68748467523124,0,"Rejected"
"STATUS_max_max",1.23213033498789,1.31554206148078,-0.08240645750108,1.86005926326734,0,"Rejected"
"MONTHS_BALANCE_sum_max",3.97046657361843,3.93595243014,2.0501113493407,5.52805077867379,0.816326530612245,"Confirmed"
"STATUS_sum_max",3.86747456860727,3.98533134515784,2.3578108467098,5.71707838734802,0.755102040816326,"Tentative"
"MONTHS_BALANCE_n_distinct_max",3.96454839181111,3.96385149748669,2.604629592823,5.67020343444714,0.775510204081633,"Tentative"
"STATUS_n_distinct_max",2.89673690902356,2.89093166834388,1.32588851666352,4.22641858828312,0.326530612244898,"Tentative"
"CREDIT_ACTIVE_sum",5.64068733162105,5.7509354895529,3.33607526474761,7.55040994799996,1,"Confirmed"
"CREDIT_CURRENCY_sum",5.1836986558101,5.24807494457998,2.67428664538294,6.75504261928011,0.979591836734694,"Confirmed"
"DAYS_CREDIT_sum",7.96200764649293,8.0637150275288,5.8535608506357,9.56290085497672,1,"Confirmed"
"CREDIT_DAY_OVERDUE_sum",2.60597138730277,2.51847766778161,1.29370321112314,4.46735923152957,0.244897959183673,"Tentative"
"DAYS_CREDIT_ENDDATE_sum",5.90533371488963,6.02678750066031,3.57408932827117,7.7204456940755,1,"Confirmed"
"DAYS_ENDDATE_FACT_sum",6.11621645042648,6.24731846627615,4.89731925280168,7.76213479896487,1,"Confirmed"
"AMT_CREDIT_MAX_OVERDUE_sum",3.78438940323308,3.79944569833912,2.63882205693144,5.04871947493237,0.836734693877551,"Confirmed"
"CNT_CREDIT_PROLONG_sum",1.24999981080453,1.2793328882602,-0.0735082102039421,2.43632818129695,0,"Rejected"
"AMT_CREDIT_SUM_sum",5.38137177212595,5.48422713527346,3.11502355042024,6.98593855737083,0.959183673469388,"Confirmed"
"AMT_CREDIT_SUM_DEBT_sum",3.9883583185332,3.93790745901382,2.73355042452876,5.47229313813124,0.857142857142857,"Confirmed"
"AMT_CREDIT_SUM_LIMIT_sum",2.27510270470642,2.26249711280099,1.5794273388767,3.10165391237147,0,"Rejected"
"AMT_CREDIT_SUM_OVERDUE_sum",3.83761541709009,4.00998161629277,2.0626396466422,5.36506033496416,0.714285714285714,"Tentative"
"CREDIT_TYPE_sum",6.79118388618488,6.67649341489142,4.60988079813916,8.83422378504677,1,"Confirmed"
"DAYS_CREDIT_UPDATE_sum",7.41582725274889,7.54920079119646,5.271128137536,9.96534049552499,1,"Confirmed"
"AMT_ANNUITY_sum.x",2.48421654383731,2.55348488945218,1.61423247655022,3.11081165045178,0.0204081632653061,"Rejected"
"MONTHS_BALANCE_mean_sum",4.53580145588853,4.54612049977662,2.47072301123815,6.73994648998609,0.877551020408163,"Confirmed"
"STATUS_mean_sum",4.41800988323902,4.59819588484824,1.75395014734262,6.61997717900754,0.877551020408163,"Confirmed"
"MONTHS_BALANCE_sd_sum",4.24780129601643,4.36230852856728,2.53892413599037,5.89974867953459,0.857142857142857,"Confirmed"
"STATUS_sd_sum",4.51105557897321,4.71539910345726,1.86562247955461,6.25179945399779,0.897959183673469,"Confirmed"
"MONTHS_BALANCE_min_sum",3.95454849459212,3.9783864810339,2.2995162993341,5.50771709377534,0.775510204081633,"Tentative"
"STATUS_min_sum",3.83319791352149,3.94442902250147,1.29917465583443,6.03099923512633,0.693877551020408,"Tentative"
"MONTHS_BALANCE_max_sum",4.05841492408948,4.1676543992429,1.50200785718087,6.3320453051655,0.795918367346939,"Confirmed"
"STATUS_max_sum",3.96326135032233,3.93753359232031,1.750825729932,6.11697821332973,0.73469387755102,"Tentative"
"MONTHS_BALANCE_sum_sum",4.39909286856586,4.31666151589425,1.93703176460775,6.08471118234785,0.959183673469388,"Confirmed"
"STATUS_sum_sum",4.05939166917663,4.16289709489924,2.14733775434198,5.17250952270165,0.857142857142857,"Confirmed"
"MONTHS_BALANCE_n_distinct_sum",4.27106648954634,4.26748655438024,2.20284379602664,6.03949639761118,0.897959183673469,"Confirmed"
"STATUS_n_distinct_sum",3.79832837426895,3.84289606864181,1.65098804065638,6.6617999851965,0.73469387755102,"Tentative"
"CREDIT_ACTIVE_n_distinct",1.40208750373127,1.33549068780766,-0.141370457734596,3.26553718402808,0,"Rejected"
"CREDIT_CURRENCY_n_distinct",-0.373825728152766,-0.433159200338144,-1.9059724552205,1.17580578773441,0,"Rejected"
"DAYS_CREDIT_n_distinct",5.19630902490295,5.14650242772888,2.68323349221002,6.59790102365474,0.959183673469388,"Confirmed"
"CREDIT_DAY_OVERDUE_n_distinct",1.55202721445189,1.78552927730918,-0.445511673996831,2.57181461093042,0,"Rejected"
"DAYS_CREDIT_ENDDATE_n_distinct",5.0284704950195,5.04372374620366,3.53507284047757,6.85134052073685,1,"Confirmed"
"DAYS_ENDDATE_FACT_n_distinct",4.80171073054424,4.7980705050649,3.02345411153365,6.62868132304219,0.979591836734694,"Confirmed"
"AMT_CREDIT_MAX_OVERDUE_n_distinct",3.37614547507126,3.48247806977515,1.84284228796118,5.01970059485651,0.653061224489796,"Tentative"
"CNT_CREDIT_PROLONG_n_distinct",0.652053031173406,0.811845418577634,-1.00608543348275,2.31730976542008,0,"Rejected"
"AMT_CREDIT_SUM_n_distinct",5.13002024414692,5.07016551235299,2.87185067903319,6.87712619833805,0.959183673469388,"Confirmed"
"AMT_CREDIT_SUM_DEBT_n_distinct",4.57149303420719,4.57497650357171,3.17255273091568,6.29937679393262,0.979591836734694,"Confirmed"
"AMT_CREDIT_SUM_LIMIT_n_distinct",2.95894060633478,2.91929740184219,1.63502463456538,4.81658356508515,0.408163265306122,"Tentative"
"AMT_CREDIT_SUM_OVERDUE_n_distinct",1.37637751621363,1.27235135165807,0.779462923395942,2.53370712192246,0,"Rejected"
"CREDIT_TYPE_n_distinct",1.89427843965205,1.75434545528372,-0.0610274305518664,3.68524584216895,0.0204081632653061,"Rejected"
"DAYS_CREDIT_UPDATE_n_distinct",4.92501558454454,5.16484848304422,2.48807023976137,6.58619871510006,0.959183673469388,"Confirmed"
"AMT_ANNUITY_n_distinct.x",2.54329580313178,2.48166794006957,1.28637924091325,3.97387976531527,0.244897959183673,"Tentative"
"MONTHS_BALANCE_mean_n_distinct",3.6537972874006,3.78283261667791,1.41928435060688,4.93256485030398,0.714285714285714,"Tentative"
"STATUS_mean_n_distinct",3.36927763492278,3.47917754425306,1.56948722548695,5.02930400421666,0.591836734693878,"Tentative"
"MONTHS_BALANCE_sd_n_distinct",3.21643656111999,3.13514840559758,1.44591084257985,5.35283911294582,0.571428571428571,"Tentative"
"STATUS_sd_n_distinct",2.88277477193952,2.65506029481425,1.61622348631898,5.0260777462406,0.346938775510204,"Tentative"
"MONTHS_BALANCE_min_n_distinct",3.63202682573252,3.53794865904699,1.59892446657747,5.01881335480578,0.653061224489796,"Tentative"
"STATUS_min_n_distinct",2.04862803692736,2.20321513243651,0.751956909214361,3.74929896116,0.0612244897959184,"Rejected"
"MONTHS_BALANCE_max_n_distinct",3.34985927114368,3.35060302313328,1.82803522243254,5.4434062282544,0.571428571428571,"Tentative"
"STATUS_max_n_distinct",2.45497030781229,2.40710604732086,1.28433385996618,3.83756434283289,0.183673469387755,"Rejected"
"MONTHS_BALANCE_sum_n_distinct",3.63498302632381,3.60193984420385,2.585928427621,5.34571787667076,0.73469387755102,"Tentative"
"STATUS_sum_n_distinct",3.46901440317155,3.53989165035172,1.68660437959719,5.18827262068766,0.612244897959184,"Tentative"
"MONTHS_BALANCE_n_distinct_n_distinct",3.36783703619457,3.50231385868376,1.27565685299356,4.8168965750359,0.571428571428571,"Tentative"
"STATUS_n_distinct_n_distinct",2.81939855392372,2.76117651025593,0.94116878232228,4.85481087301874,0.36734693877551,"Tentative"
"NUM_INSTALMENT_VERSION_mean",5.45431141689096,5.55391594514364,3.74406356032902,6.97367374791582,1,"Confirmed"
"NUM_INSTALMENT_NUMBER_mean",8.1518381727224,8.34611556782951,5.92660486775821,10.2550059862536,1,"Confirmed"
"DAYS_INSTALMENT_mean",8.61078736984721,8.63666668891278,7.39115286435822,9.67042960280655,1,"Confirmed"
"DAYS_ENTRY_PAYMENT_mean",8.57778341834693,8.68475179115592,6.50323677184694,9.89296294155286,1,"Confirmed"
"AMT_INSTALMENT_mean",6.59122080183247,6.57173989213979,4.34309424442461,8.77824401839848,1,"Confirmed"
"AMT_PAYMENT_mean",6.83032547543389,6.83689817278646,4.63769619172838,9.4628180996102,1,"Confirmed"
"PAYMENT_PERC_mean",8.1567353240131,8.26300996680249,5.61807277240165,9.59656751802864,1,"Confirmed"
"PAYMENT_DIFF_mean",7.67925439378651,7.62198298383201,6.12393273509101,9.18402356116164,1,"Confirmed"
"DPD_mean",7.97768672705634,8.11825700233015,6.03252808212383,10.0863463165402,1,"Confirmed"
"DBD_mean",5.17569001908881,5.13132793411106,3.1045219920381,7.64157616121661,0.959183673469388,"Confirmed"
"NUM_INSTALMENT_VERSION_sd",5.04060060545874,5.06468531051435,3.6551900331196,7.06524313567924,1,"Confirmed"
"NUM_INSTALMENT_NUMBER_sd",8.40345888895337,8.44797944265881,5.39248740694066,10.8593534625743,1,"Confirmed"
"DAYS_INSTALMENT_sd",7.67869560664844,7.70018684856399,5.71748791740389,9.13945360305035,1,"Confirmed"
"DAYS_ENTRY_PAYMENT_sd",7.50111686799275,7.43653934874729,5.69130964826615,8.94516591218244,1,"Confirmed"
"AMT_INSTALMENT_sd",7.97139481141695,8.04754598788572,5.39937011843831,10.1559080386735,1,"Confirmed"
"AMT_PAYMENT_sd",8.53936893587608,8.55778116945756,6.09668081751468,10.5426238382675,1,"Confirmed"
"PAYMENT_PERC_sd",5.29803516827762,5.15623828264948,3.96335938692898,7.09118891866933,0.979591836734694,"Confirmed"
"PAYMENT_DIFF_sd",4.58507151561179,4.566285875013,3.1713769935691,6.19435065212586,0.938775510204082,"Confirmed"
"DPD_sd",7.85514411000627,7.86015845625289,5.70422587515543,9.66079868646364,1,"Confirmed"
"DBD_sd",6.37989830900679,6.41751322795079,4.7946904645546,8.16403765675611,1,"Confirmed"
"NUM_INSTALMENT_VERSION_min",2.5140485897337,2.51056987326175,1.26838090390696,3.72119800280638,0.183673469387755,"Rejected"
"NUM_INSTALMENT_NUMBER_min",1.53427716850654,1.67529254374191,-0.221926652596071,2.65703292743637,0,"Rejected"
"DAYS_INSTALMENT_min",7.34625094678607,7.29517392040939,6.03930688217772,8.27144427265622,1,"Confirmed"
"DAYS_ENTRY_PAYMENT_min",7.02991663135689,6.99595721571518,4.64140939937909,8.91032541894326,1,"Confirmed"
"AMT_INSTALMENT_min",7.579128630015,7.57651298903634,6.22882703292133,9.16416734796509,1,"Confirmed"
"AMT_PAYMENT_min",9.28956429905704,9.33117915205979,6.86204039386623,11.4657843311684,1,"Confirmed"
"PAYMENT_PERC_min",7.05335800646925,7.06157535246443,5.36804854310865,8.20987587263621,1,"Confirmed"
"PAYMENT_DIFF_min",4.01704035554132,4.03637799769884,1.97531164008804,5.07126958800621,0.918367346938776,"Confirmed"
"DPD_min",2.41205575457779,2.43303728348612,1.30048999706049,3.16497645781723,0.0612244897959184,"Rejected"
"DBD_min",6.44872359143483,6.47574925291254,5.23439785057222,7.70634772893476,1,"Confirmed"
"NUM_INSTALMENT_VERSION_max",3.79096910785049,3.7555804226162,2.07890416585293,5.64694610059987,0.795918367346939,"Confirmed"
"NUM_INSTALMENT_NUMBER_max",6.80390861911383,6.9201864840942,4.66797469733469,8.51367427127102,1,"Confirmed"
"DAYS_INSTALMENT_max",7.53062147257338,7.75541152906042,4.09197610927216,9.43340325095069,1,"Confirmed"
"DAYS_ENTRY_PAYMENT_max",8.0670602946172,8.14072868280811,4.86782365651226,10.1533701829549,1,"Confirmed"
"AMT_INSTALMENT_max",7.35514158000585,7.44391618779464,3.94783085743008,9.27199156237214,1,"Confirmed"
"AMT_PAYMENT_max",10.0289420747214,10.2007097106799,6.67112152651446,11.54536310289,1,"Confirmed"
"PAYMENT_DIFF_max",7.05114210535474,7.03547372591802,4.74889250176555,8.86291231536071,1,"Confirmed"
"DPD_max",6.99852298782394,6.80512038968529,5.58938518704822,8.40495666680864,1,"Confirmed"
"DBD_max",7.76519291870043,7.87043971055213,3.84341860459165,9.33193768726595,1,"Confirmed"
"NUM_INSTALMENT_VERSION_sum",5.39581679404344,5.4500730681662,3.31913062629381,7.14171609273015,0.979591836734694,"Confirmed"
"NUM_INSTALMENT_NUMBER_sum",6.80851911847237,6.93007348298219,4.17826749944658,8.37586093995386,1,"Confirmed"
"DAYS_INSTALMENT_sum",7.5996990432263,7.7291072752619,5.94403123509824,9.26683358784718,1,"Confirmed"
"DAYS_ENTRY_PAYMENT_sum",7.61442821841914,7.67543724120695,5.45567412870849,9.36621495305706,1,"Confirmed"
"AMT_INSTALMENT_sum",7.41789232594008,7.35414142839645,5.54511804972242,9.6477466221439,1,"Confirmed"
"AMT_PAYMENT_sum",7.79409098242062,7.78044758579226,6.64387805129045,9.33769993058692,1,"Confirmed"
"PAYMENT_PERC_sum",6.51578046354932,6.5156476089946,3.84713913574579,8.45890930538939,1,"Confirmed"
"PAYMENT_DIFF_sum",7.18032062703504,7.37297652353694,4.92527022322222,8.4562571236895,1,"Confirmed"
"DPD_sum",6.64392067785173,6.71381903702955,4.41505852920713,9.07361135478613,1,"Confirmed"
"DBD_sum",7.59887789891026,7.61446863737543,4.60830742221367,9.45906457898455,1,"Confirmed"
"NUM_INSTALMENT_VERSION_n_distinct",3.56382666013749,3.58575787428222,1.46787396889452,4.91117725076865,0.653061224489796,"Tentative"
"NUM_INSTALMENT_NUMBER_n_distinct",6.08415114201692,6.17221481463835,2.78193388112333,8.70374309819557,0.979591836734694,"Confirmed"
"DAYS_INSTALMENT_n_distinct",6.30857318857097,6.30520730255489,4.64750717744971,8.22723246852714,1,"Confirmed"
"DAYS_ENTRY_PAYMENT_n_distinct",6.49664471568119,6.56172884178416,4.31520385369754,7.90325901487159,1,"Confirmed"
"AMT_INSTALMENT_n_distinct",5.63255823435158,5.63808748836562,3.71458800709487,7.29089444740251,1,"Confirmed"
"AMT_PAYMENT_n_distinct",6.91271336942806,6.86568315711822,5.38792186114256,8.07596042598676,1,"Confirmed"
"PAYMENT_PERC_n_distinct",4.87052738933326,5.0542311399334,2.26269259235638,6.79335955983655,0.938775510204082,"Confirmed"
"PAYMENT_DIFF_n_distinct",4.56299807852804,4.82316432851204,2.32726763291092,6.86334131730789,0.857142857142857,"Confirmed"
"DPD_n_distinct",5.88595166159267,6.02949926070071,3.58493482266767,7.74903636496456,1,"Confirmed"
"DBD_n_distinct",5.6817825960525,5.60454017545609,4.17237217132035,7.61391458310465,1,"Confirmed"
"MONTHS_BALANCE_mean.y",7.08289221520727,7.08309013254142,3.73464155244185,9.23081359981692,1,"Confirmed"
"CNT_INSTALMENT_mean",6.82338572517528,6.812505377537,4.56023037464492,9.00386547967144,1,"Confirmed"
"CNT_INSTALMENT_FUTURE_mean",6.85649889136193,6.97050218593046,4.30365516815279,8.74740739144536,1,"Confirmed"
"NAME_CONTRACT_STATUS_mean.y",5.58441991754751,5.46955095849105,2.66891367491709,7.62614258816085,0.938775510204082,"Confirmed"
"SK_DPD_mean.y",4.5961181989081,4.60232442397661,2.98897423359687,6.29420972486168,0.959183673469388,"Confirmed"
"SK_DPD_DEF_mean.y",5.95241886240257,6.02671228218103,3.95040561561344,7.17424870286539,1,"Confirmed"
"MONTHS_BALANCE_sd.y",6.37533645013939,6.37440604210597,4.4159741137645,7.35162184274185,1,"Confirmed"
"CNT_INSTALMENT_sd",5.57636702067722,5.62585985799843,3.82489749260944,7.24263597947315,1,"Confirmed"
"CNT_INSTALMENT_FUTURE_sd",7.16853140013429,7.02860070754762,5.03918210481027,9.01656863572227,1,"Confirmed"
"NAME_CONTRACT_STATUS_sd.y",5.97431466478429,6.25170498858536,3.19251949634293,8.57257137697095,1,"Confirmed"
"SK_DPD_sd.y",4.54568185108426,4.60668754015088,3.11339720632239,5.70054521900531,0.959183673469388,"Confirmed"
"SK_DPD_DEF_sd.y",5.56963571934384,5.50711891316956,4.20832973519622,6.86931904399329,1,"Confirmed"
"MONTHS_BALANCE_min.y",5.64714227713969,5.57827614519315,4.13298364540383,7.03501884759688,1,"Confirmed"
"CNT_INSTALMENT_min",6.56875549841638,6.5920994281965,5.00716739396478,7.72657092114069,1,"Confirmed"
"CNT_INSTALMENT_FUTURE_min",5.90828072220497,5.95858485165738,4.66079874427861,7.2963475464955,1,"Confirmed"
"NAME_CONTRACT_STATUS_min.y",-0.371071641295108,-0.551922852163691,-2.00958988383949,0.905164973338842,0,"Rejected"
"SK_DPD_min.y",2.06713079171471,2.07890071251399,1.16601039823714,3.03492897664915,0,"Rejected"
"SK_DPD_DEF_min.y",0,0,0,0,0,"Rejected"
"MONTHS_BALANCE_max.y",6.50708310117064,6.69490414390188,3.78155355703334,8.16158584714281,1,"Confirmed"
"CNT_INSTALMENT_max",4.8086605296766,4.94203891707622,2.15623562645139,6.9097456134753,0.877551020408163,"Confirmed"
"CNT_INSTALMENT_FUTURE_max",5.12912968780562,5.19990187054656,2.77754351400245,6.80393560415822,0.938775510204082,"Confirmed"
"NAME_CONTRACT_STATUS_max.y",2.81614968201881,2.7790977669142,0.588371507073911,4.47015899645087,0.306122448979592,"Tentative"
"SK_DPD_max.y",4.62233432271377,4.68640199834911,3.20295209849584,5.79431521259693,1,"Confirmed"
"SK_DPD_DEF_max.y",5.16168793548641,5.03742364439994,3.93461602200121,6.65245606515566,1,"Confirmed"
"MONTHS_BALANCE_sum.y",7.24204827543867,7.31546879038904,5.43239681701161,8.9700195104582,1,"Confirmed"
"CNT_INSTALMENT_sum",6.7078618047118,6.85104802857903,3.99498517383363,8.80163940664749,1,"Confirmed"
"CNT_INSTALMENT_FUTURE_sum",7.01169642166612,7.14613660926483,4.36434937977174,9.31019572805323,1,"Confirmed"
"NAME_CONTRACT_STATUS_sum.y",7.44526058041102,7.44429601230245,5.78266294463984,9.38703096537908,1,"Confirmed"
"SK_DPD_sum.y",4.33842156901689,4.36220974505393,2.59835636973291,5.88939172606452,0.897959183673469,"Confirmed"
"SK_DPD_DEF_sum.y",5.9238277549994,5.96882086692368,4.43633573512158,7.30585513037961,1,"Confirmed"
"MONTHS_BALANCE_n_distinct.y",5.62427671661229,5.61182346071097,3.14971383765914,8.15693167627478,0.979591836734694,"Confirmed"
"CNT_INSTALMENT_n_distinct",5.14440106243113,5.1630700445241,3.35681449574869,6.71946049649442,0.979591836734694,"Confirmed"
"CNT_INSTALMENT_FUTURE_n_distinct",6.32639900790814,6.48593890247543,3.34637628703706,9.19200552196597,0.979591836734694,"Confirmed"
"NAME_CONTRACT_STATUS_n_distinct.y",3.93480818885959,3.87404591184184,2.10577062175129,5.71791721593727,0.836734693877551,"Confirmed"
"SK_DPD_n_distinct.y",4.54291491727332,4.61916882269846,2.40775307490593,5.76949407820467,0.979591836734694,"Confirmed"
"SK_DPD_DEF_n_distinct.y",4.91069944956546,4.91692838991077,2.99720383451488,6.2419850912823,1,"Confirmed"
"NAME_CONTRACT_TYPE_mean",6.90032287410191,6.96292311459271,4.35918370957428,9.36522487974275,1,"Confirmed"
"AMT_ANNUITY_mean.y",6.74199372780981,6.62359829374631,4.7698041172388,9.04026684829031,1,"Confirmed"
"AMT_APPLICATION_mean",6.65280488041323,6.44740515655125,4.82700983955931,8.89793439026189,1,"Confirmed"
"AMT_CREDIT_mean",7.18801610010096,7.37560266450536,4.32973379724011,10.3991994945154,1,"Confirmed"
"AMT_DOWN_PAYMENT_mean",3.73881225224922,3.59566087812365,2.53449929166434,4.99862672847943,0.816326530612245,"Confirmed"
"AMT_GOODS_PRICE_mean",7.01735392605837,7.11802956745441,4.95537124492098,8.92178594522147,1,"Confirmed"
"WEEKDAY_APPR_PROCESS_START_mean",6.52601051715022,6.42260439540372,5.02489591057281,9.08461817528559,1,"Confirmed"
"HOUR_APPR_PROCESS_START_mean",4.15908635574991,4.20349077857228,1.5927222722402,6.20017317477805,0.795918367346939,"Confirmed"
"FLAG_LAST_APPL_PER_CONTRACT_mean",0.391712102878603,0.506406935370762,-1.11980947188735,1.47774340558785,0,"Rejected"
"NFLAG_LAST_APPL_IN_DAY_mean",-0.253547577323724,-0.0415781394445616,-2.52868859263478,1.16958464468058,0,"Rejected"
"RATE_DOWN_PAYMENT_mean",3.63529637500659,3.67011283571632,2.46559509041917,4.87199845701796,0.816326530612245,"Confirmed"
"NAME_CASH_LOAN_PURPOSE_mean",4.38788801775829,4.33524764629769,2.9416018302374,6.31113156481786,0.918367346938776,"Confirmed"
"NAME_CONTRACT_STATUS_mean",7.61516682216313,7.69846769390375,5.46630726374801,9.74496321384455,1,"Confirmed"
"DAYS_DECISION_mean",7.82670824838427,7.90729547119775,6.22307911143199,8.94223872690604,1,"Confirmed"
"NAME_PAYMENT_TYPE_mean",3.03649459363847,3.01677095711836,1.2434587322417,5.00433480175784,0.408163265306122,"Tentative"
"CODE_REJECT_REASON_mean",7.1387741044305,7.06528762017536,5.39350345292624,8.83488741683272,1,"Confirmed"
"NAME_TYPE_SUITE_mean",4.80067867182463,4.65247641905271,2.59471067417373,6.51241830929602,0.979591836734694,"Confirmed"
"NAME_CLIENT_TYPE_mean",5.4281933723985,5.5218008930194,4.09740312239651,6.99802963224757,1,"Confirmed"
"NAME_GOODS_CATEGORY_mean",6.04997245507922,6.09761908440725,3.90956450491578,8.07317317748025,1,"Confirmed"
"NAME_PORTFOLIO_mean",5.96254155266674,5.96146016246859,3.72224974488474,8.2007763022329,1,"Confirmed"
"NAME_PRODUCT_TYPE_mean",5.24124715975139,5.2587376735374,3.68682147898406,7.79136889747461,1,"Confirmed"
"CHANNEL_TYPE_mean",6.45584579217038,6.4773159545066,5.16014303276175,8.66848336652089,1,"Confirmed"
"SELLERPLACE_AREA_mean",3.71461626616629,3.76930972296769,1.82382011697537,5.20592814639465,0.714285714285714,"Tentative"
"NAME_SELLER_INDUSTRY_mean",5.9179241743828,5.90164697177287,3.72476541729025,7.97048769775817,1,"Confirmed"
"CNT_PAYMENT_mean",6.60875837844467,6.72211406854333,5.13635428825436,8.03766118487925,1,"Confirmed"
"NAME_YIELD_GROUP_mean",7.43066958918491,7.53308901245166,5.15989683782449,10.122199835437,1,"Confirmed"
"PRODUCT_COMBINATION_mean",7.35830938407412,7.54234843042927,3.86944639375572,9.00051787665301,1,"Confirmed"
"DAYS_FIRST_DUE_mean",6.93404131842026,6.93409892100878,5.71184384145454,8.11888167933529,1,"Confirmed"
"DAYS_LAST_DUE_1ST_VERSION_mean",6.9412803133181,6.87437188201144,5.60545886596784,8.49558624296691,1,"Confirmed"
"DAYS_LAST_DUE_mean",6.61576895504572,6.61481608677204,4.99280813797367,8.48467253339747,1,"Confirmed"
"DAYS_TERMINATION_mean",6.48215239546399,6.55739919882972,4.3518830020709,7.98316207180959,1,"Confirmed"
"NFLAG_INSURED_ON_APPROVAL_mean",2.70495173686554,2.84262035707103,0.158085180554629,4.12081123863794,0.346938775510204,"Tentative"
"APP_CREDIT_PERC_mean",6.83368091577305,6.86074157046592,4.88705290913855,9.66800042033201,1,"Confirmed"
"NAME_CONTRACT_TYPE_sd",4.37966527165482,4.42705204776614,3.15539547177372,5.74861915253335,0.918367346938776,"Confirmed"
"AMT_ANNUITY_sd.y",4.73285936124708,4.61469049068189,3.15399508658637,7.14630416423982,0.959183673469388,"Confirmed"
"AMT_APPLICATION_sd",5.90392298687837,5.91649751412291,3.64203857593228,7.47023391578813,1,"Confirmed"
"AMT_CREDIT_sd",6.0283659050115,5.98244015959478,4.00055939047826,7.66045986236089,1,"Confirmed"
"AMT_DOWN_PAYMENT_sd",3.99877813005525,3.97792218174179,2.58625749556514,5.50331614518413,0.857142857142857,"Confirmed"
"AMT_GOODS_PRICE_sd",5.45111487677822,5.38851841468034,3.46606721575687,7.45033955704364,0.979591836734694,"Confirmed"
"WEEKDAY_APPR_PROCESS_START_sd",3.75736180311074,3.73640417436435,0.720394731774851,6.00195899780402,0.73469387755102,"Tentative"
"HOUR_APPR_PROCESS_START_sd",3.34772847816993,3.32709590355946,1.31553766642438,5.72743779606878,0.510204081632653,"Tentative"
"FLAG_LAST_APPL_PER_CONTRACT_sd",0.503450004260984,0.40771373448449,-0.802818285820765,1.97739623408627,0,"Rejected"
"NFLAG_LAST_APPL_IN_DAY_sd",0.724229848220692,0.852468297352074,-0.716703312240141,2.48474278368073,0,"Rejected"
"RATE_DOWN_PAYMENT_sd",3.86760292851395,3.77942862195438,2.17527761791237,6.42323137387815,0.755102040816326,"Tentative"
"NAME_CASH_LOAN_PURPOSE_sd",4.20260116117299,4.19562254467762,2.85969259567747,5.25791266617067,0.897959183673469,"Confirmed"
"NAME_CONTRACT_STATUS_sd",6.55699288894377,6.54474390371591,4.4452529371121,7.82237348430572,1,"Confirmed"
"DAYS_DECISION_sd",6.61694673611601,6.56451166854892,4.56078782698363,8.54931769839849,1,"Confirmed"
"NAME_PAYMENT_TYPE_sd",2.48403078396424,2.3814127068653,1.11842721069143,4.15404054704896,0.183673469387755,"Rejected"
"CODE_REJECT_REASON_sd",6.41687995117271,6.2967332267399,5.05585856899598,7.81611847645179,1,"Confirmed"
"NAME_TYPE_SUITE_sd",3.0561699679816,3.18398421212446,0.846509400905305,4.80076810174992,0.408163265306122,"Tentative"
"NAME_CLIENT_TYPE_sd",4.26716817939051,4.31879992140655,2.6009657628569,5.76840911074211,0.877551020408163,"Confirmed"
"NAME_GOODS_CATEGORY_sd",4.69117934076981,4.55297613792553,2.87960802178908,7.10958235494304,1,"Confirmed"
"NAME_PORTFOLIO_sd",4.604389777653,4.54788072756908,2.76148182887024,6.42012167139832,0.938775510204082,"Confirmed"
"NAME_PRODUCT_TYPE_sd",4.08609541303604,4.09527363393163,2.9969953227126,5.1538314347043,0.897959183673469,"Confirmed"
"CHANNEL_TYPE_sd",2.14703225087114,2.15591927860915,1.586529242339,2.8539543920861,0,"Rejected"
"SELLERPLACE_AREA_sd",3.52286751513067,3.54345242849137,2.06135611316734,5.2010646669934,0.63265306122449,"Tentative"
"NAME_SELLER_INDUSTRY_sd",3.24011885984493,3.30531849047793,1.35385842927528,4.85050613136914,0.551020408163265,"Tentative"
"CNT_PAYMENT_sd",5.12782116230208,5.15709589412433,3.50177345038238,6.76866749335366,0.979591836734694,"Confirmed"
"NAME_YIELD_GROUP_sd",5.01827897694346,5.09470816770555,2.8953988206556,6.41209795760832,0.959183673469388,"Confirmed"
"PRODUCT_COMBINATION_sd",5.38194254078994,5.36251279273731,3.99297692858697,6.67930569541429,1,"Confirmed"
"DAYS_FIRST_DUE_sd",4.59924026721623,4.63569070355832,3.33433164391532,6.87343515654791,0.959183673469388,"Confirmed"
"DAYS_LAST_DUE_1ST_VERSION_sd",5.58844210152909,5.66409529190525,4.20093707341488,6.96812532002429,1,"Confirmed"
"DAYS_LAST_DUE_sd",4.08349013444275,4.13147459710025,2.31700586218668,5.10323206893641,0.877551020408163,"Confirmed"
"DAYS_TERMINATION_sd",3.66531404432154,3.68941237920169,1.85449933713863,4.96205732966125,0.795918367346939,"Confirmed"
"NFLAG_INSURED_ON_APPROVAL_sd",1.61943398101574,1.71864107941144,-0.000272424506257931,3.32657573571835,0.0408163265306122,"Rejected"
"APP_CREDIT_PERC_sd",5.73195502885133,5.84688836796493,4.04196894287371,7.0740923531875,1,"Confirmed"
"NAME_CONTRACT_TYPE_min",2.07599915099981,2.05877611313549,1.16767064912484,3.26689675410886,0.0612244897959184,"Rejected"
"AMT_ANNUITY_min.y",5.7940266055213,5.86297144810858,3.48301761130827,7.79898493884279,1,"Confirmed"
"AMT_APPLICATION_min",4.72293255574683,4.99387740364827,2.70053865025978,6.56647815796486,0.897959183673469,"Confirmed"
"AMT_CREDIT_min",5.23483300085757,5.29878474853654,2.95588956007491,7.2834366327366,0.959183673469388,"Confirmed"
"AMT_DOWN_PAYMENT_min",3.01906706260501,2.93345978086145,1.67773049983688,4.59991486943177,0.408163265306122,"Tentative"
"AMT_GOODS_PRICE_min",6.37642369135905,6.25940515391806,3.28899007878319,8.53845021058796,1,"Confirmed"
"WEEKDAY_APPR_PROCESS_START_min",4.34284058048507,4.33502156185393,2.93066036740537,5.88470835626776,0.938775510204082,"Confirmed"
"HOUR_APPR_PROCESS_START_min",4.76792309342281,4.85557440092628,3.01570024221808,7.00702857458816,0.959183673469388,"Confirmed"
"FLAG_LAST_APPL_PER_CONTRACT_min",0.809502096070394,1.02416481840877,-1.22117623043924,2.16351549334814,0,"Rejected"
"NFLAG_LAST_APPL_IN_DAY_min",0.958401078065321,0.990478890373558,-1.34049761464157,2.79257475462009,0,"Rejected"
"RATE_DOWN_PAYMENT_min",3.60975920798478,3.55181627250884,1.68314905948632,4.79646358470617,0.693877551020408,"Tentative"
"RATE_INTEREST_PRIMARY_min",-0.586039501774138,-0.603682542906436,-2.0537258496078,0.242136590163708,0,"Rejected"
"RATE_INTEREST_PRIVILEGED_min",0.285343496065266,0.234636667368916,-0.69507729196148,1.39691533239117,0,"Rejected"
"NAME_CASH_LOAN_PURPOSE_min",3.65417233653757,3.68046720287814,2.12909057715754,4.72061205379637,0.73469387755102,"Tentative"
"NAME_CONTRACT_STATUS_min",0.903106272010615,1.10121019559669,-1.33404206267273,2.66170407348896,0,"Rejected"
"DAYS_DECISION_min",6.42282223404812,6.45921328750767,5.07704439762574,8.03736769997175,1,"Confirmed"
"NAME_PAYMENT_TYPE_min",1.70258470330827,1.70658322702899,-0.138232839959466,2.78112062359639,0,"Rejected"
"CODE_REJECT_REASON_min",5.24235683369484,5.27400315003974,4.18981325584679,6.53110066687858,1,"Confirmed"
"NAME_TYPE_SUITE_min",2.57857968902516,2.48093560463936,0.73323562361749,4.25322073154393,0.244897959183673,"Tentative"
"NAME_CLIENT_TYPE_min",2.50957515630834,2.61421861033626,0.0617026359913548,4.39273795812876,0.204081632653061,"Rejected"
"NAME_GOODS_CATEGORY_min",2.63523523980965,2.62063378508652,1.15509704082908,4.3181400783831,0.224489795918367,"Tentative"
"NAME_PORTFOLIO_min",2.00939789629445,2.04374759337008,0.712871619222045,2.96583197781493,0.0204081632653061,"Rejected"
"NAME_PRODUCT_TYPE_min",2.87485266000533,2.91613558001288,1.2305951452684,3.87004959807455,0.346938775510204,"Tentative"
"CHANNEL_TYPE_min",2.34479254984921,2.42479659323765,1.21067604789653,3.45801055077232,0.0612244897959184,"Rejected"
"SELLERPLACE_AREA_min",5.25566784090165,5.26567671870747,2.81162084746596,7.01819759041256,0.959183673469388,"Confirmed"
"NAME_SELLER_INDUSTRY_min",2.80085361796436,2.7223074961459,1.05000298043699,4.96462885930046,0.36734693877551,"Tentative"
"CNT_PAYMENT_min",5.49717148975365,5.55083921821051,3.2393925685613,7.67536483093377,1,"Confirmed"
"NAME_YIELD_GROUP_min",4.35228188824632,4.37756279711405,3.22374196676111,5.35943774691715,1,"Confirmed"
"PRODUCT_COMBINATION_min",3.70348254795762,3.68596877424806,2.34069804495114,5.21131352720864,0.795918367346939,"Confirmed"
"DAYS_FIRST_DRAWING_min",5.09559472863531,4.95580599354091,3.11782780462584,6.97992026197799,1,"Confirmed"
"DAYS_FIRST_DUE_min",6.49135541951203,6.59082265121562,4.97603748768325,8.05769646171162,1,"Confirmed"
"DAYS_LAST_DUE_1ST_VERSION_min",6.51195410411119,6.59170589925509,4.3723397354765,8.43620934325289,1,"Confirmed"
"DAYS_LAST_DUE_min",5.84626029876516,5.860962567689,3.67187760256555,7.61573341617379,1,"Confirmed"
"DAYS_TERMINATION_min",5.75967704029409,5.78429469720062,4.26788921080747,7.71110361180454,1,"Confirmed"
"NFLAG_INSURED_ON_APPROVAL_min",1.81860544389428,2.13927091742097,0.162014018982342,2.94884396378665,0,"Rejected"
"APP_CREDIT_PERC_min",8.52741056695518,8.73086296561557,5.7998772518854,10.1866255508954,1,"Confirmed"
"NAME_CONTRACT_TYPE_max",1.60402497754899,1.68251854415982,-0.501637551461041,2.52239205113441,0,"Rejected"
"AMT_ANNUITY_max.y",8.2314577038002,8.54465076034041,5.31969913274081,10.6936505754791,1,"Confirmed"
"AMT_APPLICATION_max",5.97879302574503,6.05830981459218,2.80797302253096,8.39069734177255,0.979591836734694,"Confirmed"
"AMT_CREDIT_max",6.89938427469782,6.96429495965479,4.27634043252646,9.17489010229687,1,"Confirmed"
"AMT_DOWN_PAYMENT_max",4.38696073015868,4.3851445604135,3.06830607500862,6.04498551658159,0.959183673469388,"Confirmed"
"AMT_GOODS_PRICE_max",7.02509178494603,7.11429921570092,3.94057482782496,9.88339283067182,1,"Confirmed"
"WEEKDAY_APPR_PROCESS_START_max",3.22042128774723,3.33332928072292,0.977012338890625,4.92613948981637,0.612244897959184,"Tentative"
"HOUR_APPR_PROCESS_START_max",3.43886133315851,3.479793115136,0.816259456092554,5.50327508651928,0.571428571428571,"Tentative"
"FLAG_LAST_APPL_PER_CONTRACT_max",0,0,0,0,0,"Rejected"
"NFLAG_LAST_APPL_IN_DAY_max",0,0,0,0,0,"Rejected"
"RATE_DOWN_PAYMENT_max",4.16440935410653,4.2086683631429,2.81519802887904,5.55127174595693,0.877551020408163,"Confirmed"
"RATE_INTEREST_PRIMARY_max",-0.00837322704409024,0.0700620282879706,-1.26027994059515,0.987630767775384,0,"Rejected"
"RATE_INTEREST_PRIVILEGED_max",-0.206968134641541,-0.219503929054639,-2.25166571290246,2.65040863969283,0,"Rejected"
"NAME_CASH_LOAN_PURPOSE_max",2.32248932803052,2.38153281036466,1.15005627235365,3.28673140307301,0.0408163265306122,"Rejected"
"NAME_CONTRACT_STATUS_max",4.15429920712495,4.10205612656122,3.06634373113812,5.43727480078965,0.938775510204082,"Confirmed"
"DAYS_DECISION_max",6.724926465012,6.87555442505533,3.91695936262795,8.46616268241598,1,"Confirmed"
"NAME_PAYMENT_TYPE_max",1.47038813325769,1.56968025811248,-0.00532367001574717,2.80151749300572,0,"Rejected"
"CODE_REJECT_REASON_max",1.88965093304783,1.96382388592993,0.439015830237436,3.02669878237223,0,"Rejected"
"NAME_TYPE_SUITE_max",3.32221719307372,3.2511960115605,1.61622340904825,4.82816924860794,0.571428571428571,"Tentative"
"NAME_CLIENT_TYPE_max",2.71254330994057,2.6011389981366,1.63102302971414,3.75867066477163,0.163265306122449,"Rejected"
"NAME_GOODS_CATEGORY_max",3.98376311232247,3.88147981065537,2.44120769876228,5.65859645050555,0.795918367346939,"Confirmed"
"NAME_PORTFOLIO_max",1.77045468960017,1.83451634555759,-0.462219577489912,3.27696262632267,0.0612244897959184,"Rejected"
"NAME_PRODUCT_TYPE_max",1.76810088679316,1.90572640080877,0.129701118101188,3.41499153925202,0.0408163265306122,"Rejected"
"CHANNEL_TYPE_max",2.16184477995966,2.12089458662363,0.278678601032734,4.6061347841603,0.183673469387755,"Rejected"
"SELLERPLACE_AREA_max",3.61957331335197,3.6443923195656,2.05322497578484,5.37867538138496,0.714285714285714,"Tentative"
"NAME_SELLER_INDUSTRY_max",2.98634676175221,2.93651393184545,1.60493843222674,4.10326953632625,0.387755102040816,"Tentative"
"CNT_PAYMENT_max",4.43622450836854,4.42496536846849,2.82674121904458,5.83966430906821,0.938775510204082,"Confirmed"
"NAME_YIELD_GROUP_max",3.83538906411531,3.88030980044233,2.42905342289796,5.54964180235946,0.714285714285714,"Tentative"
"PRODUCT_COMBINATION_max",2.73766239112209,2.86485939950838,0.896906557894684,4.35845071190261,0.36734693877551,"Tentative"
"DAYS_FIRST_DRAWING_max",5.17775682433192,5.1918248072375,3.89792514379606,6.92374248181859,1,"Confirmed"
"DAYS_FIRST_DUE_max",6.46568901811974,6.53339855559515,3.64892196414012,8.5453614659867,1,"Confirmed"
"DAYS_LAST_DUE_1ST_VERSION_max",7.68655462078353,7.77513816933415,5.09701688514664,9.81670172468442,1,"Confirmed"
"DAYS_LAST_DUE_max",4.95498889433363,4.97431573109955,3.62309961388159,6.61082808389834,1,"Confirmed"
"DAYS_TERMINATION_max",4.65901265997367,4.65021368957185,2.75934685720694,6.62165708112754,0.959183673469388,"Confirmed"
"NFLAG_INSURED_ON_APPROVAL_max",1.3342437069142,1.53575443826097,-0.402389760629518,2.2896243272217,0,"Rejected"
"NAME_CONTRACT_TYPE_sum",5.79473376243685,5.78833913416539,3.4690067126512,7.49169933773098,1,"Confirmed"
"AMT_ANNUITY_sum.y",6.89157535384336,7.06098673588949,4.33625389234033,8.15543308591852,1,"Confirmed"
"AMT_APPLICATION_sum",6.39240158972011,6.48878247871859,3.81353964437704,9.7176422381731,1,"Confirmed"
"AMT_CREDIT_sum",7.89550557901295,7.98221232411605,5.23475138390002,9.70609777241248,1,"Confirmed"
"AMT_DOWN_PAYMENT_sum",4.28830828549595,4.23581230186918,2.80012244213165,6.08811795392747,0.938775510204082,"Confirmed"
"AMT_GOODS_PRICE_sum",6.38981260373237,6.53481462687117,4.21629920366555,8.33225904617111,1,"Confirmed"
"WEEKDAY_APPR_PROCESS_START_sum",7.13396894355695,7.21650001141437,4.5091374044006,8.79063552593929,1,"Confirmed"
"HOUR_APPR_PROCESS_START_sum",7.88216653149868,7.92163738409346,6.25085532990944,9.70991934365831,1,"Confirmed"
"FLAG_LAST_APPL_PER_CONTRACT_sum",3.96196639676258,3.95266909434963,1.98349003805661,5.98416673425303,0.755102040816326,"Tentative"
"NFLAG_LAST_APPL_IN_DAY_sum",3.85329132912878,3.93884714604635,2.08302620183776,5.95356471047673,0.795918367346939,"Confirmed"
"RATE_DOWN_PAYMENT_sum",4.42276447914454,4.54045608686767,3.37582863733843,5.70572622089694,0.979591836734694,"Confirmed"
"RATE_INTEREST_PRIMARY_sum",-0.171814672032851,-0.232803268167457,-1.54734080034837,1.27015451888481,0,"Rejected"
"RATE_INTEREST_PRIVILEGED_sum",-0.15463028136791,-0.178707209850582,-2.24156686849635,1.62965758168013,0,"Rejected"
"NAME_CASH_LOAN_PURPOSE_sum",5.5239846941088,5.35640804209866,3.53504849467048,7.87614324547846,1,"Confirmed"
"NAME_CONTRACT_STATUS_sum",5.50761675789579,5.53911689605934,4.43693419736812,6.97075346515355,1,"Confirmed"
"DAYS_DECISION_sum",7.56090574431639,7.65693991293574,6.05130081716162,9.09469962628395,1,"Confirmed"
"NAME_PAYMENT_TYPE_sum",5.38761573057579,5.54898811919408,3.10324845558019,6.90892964901837,0.979591836734694,"Confirmed"
"CODE_REJECT_REASON_sum",4.91397327709656,5.05125890813723,2.61072081450367,6.69813348438592,0.938775510204082,"Confirmed"
"NAME_TYPE_SUITE_sum",6.61843829257201,6.74145298984763,3.50929573976655,7.98229212921324,1,"Confirmed"
"NAME_CLIENT_TYPE_sum",4.86727831607428,4.66479440238213,2.83612283867421,7.12317361095431,0.979591836734694,"Confirmed"
"NAME_GOODS_CATEGORY_sum",6.89398446065785,6.95199754487572,4.15876848128069,8.32738438535947,1,"Confirmed"
"NAME_PORTFOLIO_sum",5.48597121592001,5.57625306047398,3.6033868317118,7.70308554642903,1,"Confirmed"
"NAME_PRODUCT_TYPE_sum",5.13702290813394,5.13128301018114,2.54171963052967,7.06468549468887,0.918367346938776,"Confirmed"
"CHANNEL_TYPE_sum",6.50763065963883,6.52307397883208,4.81109476927398,7.99840855357033,1,"Confirmed"
"SELLERPLACE_AREA_sum",4.42487768250841,4.65122043871145,2.11580208593417,6.00534424186352,0.918367346938776,"Confirmed"
"NAME_SELLER_INDUSTRY_sum",6.11270923676247,6.21683060787229,4.2621695207769,7.95490538443595,1,"Confirmed"
"CNT_PAYMENT_sum",7.79737541732237,7.91940824875143,5.90375830828753,9.05320391457334,1,"Confirmed"
"NAME_YIELD_GROUP_sum",6.67208949464475,6.74717480625533,5.02298524942614,8.41755889509105,1,"Confirmed"
"PRODUCT_COMBINATION_sum",7.36247374905809,7.18004817780703,5.39262417341759,9.91336940326903,1,"Confirmed"
"DAYS_FIRST_DRAWING_sum",5.20608884731125,5.27546326369508,2.937468207721,6.91475722669232,0.979591836734694,"Confirmed"
"DAYS_FIRST_DUE_sum",6.23198647039981,6.1999938250342,4.76337655706195,7.54694076235046,1,"Confirmed"
"DAYS_LAST_DUE_1ST_VERSION_sum",6.68451981105372,6.62420219058801,4.93769540325215,7.6885634023997,1,"Confirmed"
"DAYS_LAST_DUE_sum",6.20566041644193,6.14429221368186,4.79437331559562,7.64527619820994,1,"Confirmed"
"DAYS_TERMINATION_sum",5.88512152978547,5.96361630515264,4.59753912556368,6.74809468897263,1,"Confirmed"
"NFLAG_INSURED_ON_APPROVAL_sum",4.39934099827776,4.38315790856354,2.59778928517907,6.05722512459268,0.959183673469388,"Confirmed"
"APP_CREDIT_PERC_sum",8.57429696239016,9.01968696751808,4.5554099135309,11.0564458398437,1,"Confirmed"
"NAME_CONTRACT_TYPE_n_distinct",2.80700226512546,2.73071957879844,1.19346888392783,4.144936912546,0.326530612244898,"Tentative"
"AMT_ANNUITY_n_distinct.y",4.4388539979769,4.57082085131328,2.06065707951033,6.50362351394641,0.897959183673469,"Confirmed"
"AMT_APPLICATION_n_distinct",4.53211045506415,4.5812735311445,2.45578222290858,5.92413196609528,0.897959183673469,"Confirmed"
"AMT_CREDIT_n_distinct",4.50615378983774,4.42433223432658,2.2927109091644,6.13813413395396,0.897959183673469,"Confirmed"
"AMT_DOWN_PAYMENT_n_distinct",4.21853968882989,4.16156920423648,2.54070336401005,5.68436354871206,0.918367346938776,"Confirmed"
"AMT_GOODS_PRICE_n_distinct",4.72790402319211,4.88611225183922,2.24335693221581,6.44117869850131,0.918367346938776,"Confirmed"
"WEEKDAY_APPR_PROCESS_START_n_distinct",4.55789375828577,4.81147723972434,1.80294999549763,6.75499318766827,0.897959183673469,"Confirmed"
"HOUR_APPR_PROCESS_START_n_distinct",4.68190862940876,4.66977561571928,2.71431955603235,6.56475614076059,0.918367346938776,"Confirmed"
"FLAG_LAST_APPL_PER_CONTRACT_n_distinct",0.672046832700904,0.805454625790561,-2.15288296047098,2.69032720698952,0,"Rejected"
"NFLAG_LAST_APPL_IN_DAY_n_distinct",0.24509640278336,0.323871024171415,-1.84923201292973,2.00149717178089,0,"Rejected"
"RATE_DOWN_PAYMENT_n_distinct",3.90991682351669,3.89620564415241,2.42985989126238,5.25907584163778,0.836734693877551,"Confirmed"
"RATE_INTEREST_PRIMARY_n_distinct",0.0783865612582584,0.15715463360973,-2.04678041618473,1.70828923734571,0,"Rejected"
"RATE_INTEREST_PRIVILEGED_n_distinct",-0.11688827504945,-0.133828782838704,-2.23383519517117,1.27809891157017,0,"Rejected"
"NAME_CASH_LOAN_PURPOSE_n_distinct",4.31656539259253,4.33463218135179,2.91169762668727,6.24152122384336,0.918367346938776,"Confirmed"
"NAME_CONTRACT_STATUS_n_distinct",2.9275423159793,2.97752513991379,1.61098458143343,4.27637005981763,0.387755102040816,"Tentative"
"DAYS_DECISION_n_distinct",4.77024674924476,4.97009257850114,1.815980111028,6.61054651139943,0.918367346938776,"Confirmed"
"NAME_PAYMENT_TYPE_n_distinct",2.28682053736551,2.36161412286812,0.951775632469851,3.80243940726419,0.102040816326531,"Rejected"
"CODE_REJECT_REASON_n_distinct",4.8042659982674,4.75291184670418,3.53571004440005,5.83279536570352,1,"Confirmed"
"NAME_TYPE_SUITE_n_distinct",3.73164751003422,3.74499543103212,1.5764579658915,5.12952006653884,0.816326530612245,"Confirmed"
"NAME_CLIENT_TYPE_n_distinct",3.25014324852303,3.29625214841172,1.70013267980654,4.54636612546888,0.571428571428571,"Tentative"
"NAME_GOODS_CATEGORY_n_distinct",4.36976610044141,4.37470066232298,2.86357684993842,5.66441917651542,0.979591836734694,"Confirmed"
"NAME_PORTFOLIO_n_distinct",2.77381711930788,2.69085722334065,1.55348057697742,4.04370501657846,0.326530612244898,"Tentative"
"NAME_PRODUCT_TYPE_n_distinct",2.61314793522301,2.56374218164066,0.996244024753526,4.1432442554941,0.244897959183673,"Tentative"
"CHANNEL_TYPE_n_distinct",3.8805121400173,3.98866322703865,2.28357690737648,5.36873718950159,0.816326530612245,"Confirmed"
"SELLERPLACE_AREA_n_distinct",5.35566859044788,5.42691298473505,3.64537186032467,7.55269502119242,0.979591836734694,"Confirmed"
"NAME_SELLER_INDUSTRY_n_distinct",3.16318741070267,3.30232962746469,1.52957675477628,4.81213569877955,0.489795918367347,"Tentative"
"CNT_PAYMENT_n_distinct",4.95252467402687,4.94980058503296,2.83752222623911,6.85991995239808,0.938775510204082,"Confirmed"
"NAME_YIELD_GROUP_n_distinct",4.35947335234933,4.33468639467008,2.86267837251023,5.8366914216678,0.918367346938776,"Confirmed"
"PRODUCT_COMBINATION_n_distinct",5.08533171884084,5.10666298248149,3.25864047880782,7.25018382492397,1,"Confirmed"
"DAYS_FIRST_DRAWING_n_distinct",2.83150787306867,2.8682231084086,1.56405615010813,3.76254136417118,0.326530612244898,"Tentative"
"DAYS_FIRST_DUE_n_distinct",3.56811177750719,3.55549313337862,2.23475857344649,4.89332992374937,0.693877551020408,"Tentative"
"DAYS_LAST_DUE_1ST_VERSION_n_distinct",3.22055364248333,3.23176619841941,1.82570052765043,5.35061755682023,0.510204081632653,"Tentative"
"DAYS_LAST_DUE_n_distinct",3.54458665125384,3.56409135483027,1.88263262732654,5.20604966645694,0.63265306122449,"Tentative"
"DAYS_TERMINATION_n_distinct",3.73129338932924,3.72061453948381,2.34240394295313,5.41196354272361,0.755102040816326,"Tentative"
"NFLAG_INSURED_ON_APPROVAL_n_distinct",1.63899407585193,1.79893986943276,-0.282779730193428,2.65377696282341,0,"Rejected"
"APP_CREDIT_PERC_n_distinct",5.06447773129172,5.1475616669815,2.30444723109492,6.67669873233359,0.918367346938776,"Confirmed"
